{"name":"Servido - Marketplace de Productos y Servicios","short_name":"Servido","description":"Tu marketplace confiable para comprar y vender productos y servicios en Argentina. Conectamos compradores con vendedores de calidad.","start_url":"/","scope":"/","display":"standalone","display_override":["standalone","minimal-ui"],"background_color":"#ffffff","theme_color":"#8b5cf6","orientation":"portrait-primary","lang":"es-AR","dir":"ltr","categories":["shopping","business","lifestyle"],"icons":[{"src":"/images/logo-192.png","sizes":"192x192","type":"image/png","purpose":"any"},{"src":"/images/logo-512.png","sizes":"512x512","type":"image/png","purpose":"maskable"},{"src":"/images/logo-128.png","sizes":"128x128","type":"image/png","purpose":"any"}],"shortcuts":[{"name":"Productos","short_name":"Productos","description":"Ver todos los productos","url":"/products","icons":[{"src":"/images/logo-192.png","sizes":"192x192"}]},{"name":"Servicios","short_name":"Servicios","description":"Ver todos los servicios","url":"/services","icons":[{"src":"/images/logo-192.png","sizes":"192x192"}]},{"name":"Mi Cuenta","short_name":"Cuenta","description":"Acceder a mi cuenta","url":"/dashboard","icons":[{"src":"/images/logo-192.png","sizes":"192x192"}]}],"screenshots":[{"src":"/images/logo-512.png","sizes":"512x512","type":"image/png","form_factor":"wide"},{"src":"/images/logo-320.png","sizes":"320x320","type":"image/png"}]}